{
    "1": {
        "author": "iust.instagram",
        "year": 2025,
        "month": 3,
        "day": 11,
        "caption": "Today was a wonderful day.",
        "like": [
            2,
            [
                "test1",
                "amin1234"
            ]
        ],
        "comment": 4,
        "save": 4,
        "share": 2,
        "comments": [
            [
                "test1",
                "it was great!"
            ],
            [
                "test2",
                "where were you?"
            ],
            [
                "test3",
                "wonderful!"
            ],
            [
                "amin1234",
                "salam salam"
            ]
        ]
    }
}