{
    "iust.instagram": {
        "name": "Fatemeh elahi",
        "email": "iust@gmail.com",
        "password": "Iust1234",
        "bio": "im a teacher",
        "followers_count": 1,
        "following_count": 0,
        "posts_count": 3,
        "followers": [
            "test1"
        ],
        "following": [],
        "posts": [
            "1",
            "1",
            "1"
        ],
        "saves": [
            "1"
        ],
        "type": "private",
        "blocked": [
            "test2",
            "test3"
        ],
        "request": []
    },
    "test1": {
        "name": "test1",
        "email": "test1@gmail.com",
        "password": "Test1111",
        "bio": "Sigma Sigma Boy",
        "followers_count": 0,
        "following_count": 1,
        "posts_count": 0,
        "followers": [],
        "following": [
            "iust.instagram"
        ],
        "posts": [],
        "saves": [
            "1"
        ],
        "type": "public",
        "blocked": [],
        "request": []
    },
    "test2": {
        "name": "test2",
        "email": "test2@gmail.com",
        "password": "Test2222",
        "bio": "why??",
        "followers_count": 1,
        "following_count": 1,
        "posts_count": 0,
        "followers": [
            "test1"
        ],
        "following": [
            "test1"
        ],
        "posts": [],
        "saves": [],
        "type": "private",
        "blocked": [],
        "request": []
    },
    "test3": {
        "name": "test3",
        "email": "test3@gmail.com",
        "password": "Test3333",
        "bio": "peace",
        "followers_count": 0,
        "following_count": 0,
        "posts_count": 0,
        "followers": [],
        "following": [],
        "posts": [],
        "saves": [],
        "type": "private",
        "blocked": [
            "iust.instagram",
            "test1",
            "test2"
        ],
        "request": []
    },
    "amin1234": {
        "name": "amin1234",
        "email": "amin@gmail.com",
        "password": "Amin1234",
        "bio": "im amin peykani",
        "followers_count": 0,
        "following_count": 0,
        "posts_count": 0,
        "followers": [],
        "following": [],
        "posts": [],
        "saves": [
            "1"
        ],
        "type": "public",
        "blocked": []
    }
}